Estacao,Ponto Visado,Leitura Horizontal,desvio padrão H,Ângulo Zenital,desvio padrão V,Distância Incinada,desvio padrão D,Fixo,X,Y,Z
A,M01,134.285648148148,1.88070120884231,95.9339351851852,2.59718508589763,14.4273333333333,0.0011941214033447,sim,,,
A,M02,163.067777777778,8.05191488615158,95.67125,5.30068129790916,14.819,0.00129099444873578,sim,,,
A,M03,324.978935185185,0.54856715716061,97.6220370370371,3.78349240976086,11.553,0.000745355992499848,não,,,
A,00d,50.3485648148148,1.09078632870434,93.3049537037037,1.27838149989458,10.0163333333333,0.000192450089729769,não,,,
A,00e,48.9030555555556,0.849836585610009,91.5023148148148,0.838870492787523,10.0016666666667,0.00019245008973011,não,,,
A,00f,47.578240740741,0.561083607705549,93.7022685185185,1.38276427385354,10.0223333333333,0.000304290309724924,não,,,
B,00d,131.395277777778,1.20185042516697,105.095694444444,3.54925657316911,2.26383333333333,0.000495348736114639,não,,,
B,00e,127.219583333333,1.50462250709169,97.8674537037037,2.99459389444641,2.003,0.000333333333333371,não,,,
B,00f,122.632175925926,2.56489838076766,110.028796296296,5.03138299226019,1.92333333333333,0.000509175077217332,não,,,
B,17,30.34625,3.77675639787763,108.276296296296,2.88354206053162,1.8335,0.000204124145231954,não,,,
B,37,12.3483796296296,2.42001683496216,112.094166666667,4.80740170061497,2.93533333333333,0.000561083607686779,não,,,
B,16,7.88249999999999,3.0641293851361,100.57375,7.79868222485163,3.276,0.000408248290463879,não,,,
B,12,6.06958333333332,0.697216688794493,85.4680555555556,2.95334085776431,3.50466666666667,0.00045133546692417,não,,,
B,36,273.76587962963,0.280541803846232,85.5655555555555,1.76383420737828,4.28283333333333,0.000152145154862597,não,,,
B,00c,169.393657407407,0.280541803796421,83.6589351851852,3.87597060727184,2.968,0.000333333333333297,não,,,
C,17,111.599351851852,1.88070120891409,100.756527777778,2.31840462386569,3.15966666666667,0.000384900179459783,não,,,
C,37,95.6943981481482,1.84717000760351,117.550324074074,3.07694533467936,2.42216666666667,0.000683807423616182,não,,,
C,16,83.0994444444444,3.118047822346,108.901388888889,7.67752853751543,1.90316666666667,0.000548567157170317,não,,,
C,12,74.6094444444445,0.88191710367343,81.0191203703704,4.09889325628356,1.68433333333333,0.000192450089729897,não,,,
C,33,324.401712962963,0.495348736081037,82.3633333333333,3.5823642100491,3.0165,0.000204124145231909,não,,,
C,30,262.925462962963,0.769800358929467,115.147962962963,3.35548197123013,2.38316666666667,0.000548567157170308,não,,,
C,34,219.712731481481,1.18829164647137,87.1416666666667,2.10818510677453,3.83883333333333,0.000152145154862529,não,,,
C,39,138.599861111111,1.48604620834065,107.981435185185,4.10566456027545,2.09216666666667,0.000152145154862529,não,,,
C,03a,265.140925925926,1.12216721537226,86.4758796296297,3.20950555788624,2.21516666666667,0.000280541803843433,não,,,
