Estação,Marcos / Pontos físicos,Ângulo externo (g.mmss),Ângulo Zenital (g.mmss),Distância Inclinada (m)
A,M01,134.1704,95.5607,14.428
A,M01,314.1703,264.0405,14.426
A,M01,134.1713,95.5612,14.428
A,M01,314.1705,264.0356,14.424
A,M01,134.171,95.5554,14.433
A,M01,314.1715,264.0359,14.425
A,M02,163.033,95.4035,14.821
A,M02,343.0409,264.1927,14.814
A,M02,163.04,95.4005,14.824
A,M02,343.0436,264.1955,14.818
A,M02,163.0357,95.4016,14.82
A,M02,343.0412,264.1955,14.817
A,M03,324.5842,97.3721,11.556
A,M03,144.5843,262.2226,11.552
A,M03,324.5846,97.3728,11.552
A,M03,144.5845,262.2247,11.552
A,M03,324.5845,97.3712,11.555
A,M03,144.5844,262.2252,11.551
A,00d,50.2053,93.1813,10.016
A,00d,230.2059,266.414,10.016
A,00d,50.2052,93.1817,10.016
A,00d,230.2057,266.4142,10.017
A,00d,50.2052,93.1816,10.016
A,00d,230.2056,266.4137,10.017
A,00e,48.541,91.3008,10.002
A,00e,228.5413,268.2952,10.001
A,00e,48.5407,91.3008,10.002
A,00e,228.5412,268.2948,10.001
A,00e,48.5411,91.3005,10.002
A,00e,228.5413,268.2951,10.002
A,00f,47.3443,93.4203,10.022
A,00f,227.3439,266.1749,10.023
A,00f,47.3443,93.4207,10.022
A,00f,227.3441,266.1749,10.023
A,00f,47.3442,93.4205,10.021
A,00f,227.3442,266.1748,10.023
B,00d,131.2346,105.0534,2.264
B,00d,311.2342,254.5408,2.266
B,00d,131.2342,105.0537,2.264
B,00d,311.2338,254.5404,2.264
B,00d,131.2343,105.0537,2.262
B,00d,311.2347,254.5409,2.263
B,00e,127.1315,97.5153,2.002
B,00e,307.1312,262.0746,2.003
B,00e,127.1306,97.5158,2.002
B,00e,307.1313,262.0752,2.004
B,00e,127.1305,97.5157,2.003
B,00e,307.1312,262.0753,2.004
B,00f,122.3801,110.0145,1.922
B,00f,302.3807,249.5754,1.923
B,00f,122.3749,110.0139,1.923
B,00f,302.3751,249.5815,1.925
B,00f,122.3755,110.0124,1.922
B,00f,302.3752,249.5817,1.925
B,17,30.2106,108.1628,1.834
B,17,210.2045,251.4328,1.833
B,17,30.2042,108.1635,1.834
B,17,210.2047,251.4312,1.833
B,17,30.2042,108.1627,1.834
B,17,210.2037,251.4322,1.833
B,37,12.2102,112.0535,2.934
B,37,192.2101,247.5406,2.935
B,37,12.2051,112.0534,2.935
B,37,192.2047,247.5411,2.936
B,37,12.2048,112.0518,2.938
B,37,192.2056,247.5416,2.934
B,16,7.5255,100.3357,3.275
B,16,187.5255,259.2523,3.276
B,16,7.5243,100.3408,3.275
B,16,187.5307,259.2513,3.276
B,16,7.53,100.3418,3.276
B,16,187.5302,259.2514,3.278
B,12,6.0411,85.2756,3.506
B,12,186.0409,274.3147,3.503
B,12,6.0414,85.2801,3.504
B,12,186.041,274.3153,3.504
B,12,6.041,85.2758,3.506
B,12,186.0409,274.3145,3.505
B,36,273.4557,85.335,4.283
B,36,93.4556,274.26,4.283
B,36,273.4557,85.3355,4.283
B,36,93.4558,274.2601,4.283
B,36,273.4557,85.3351,4.283
B,36,93.4558,274.2559,4.282
B,00c,169.2337,83.3931,2.968
B,00c,349.2337,276.2014,2.967
B,00c,169.2337,83.392,2.968
B,00c,349.2338,276.2018,2.969
B,00c,169.2338,83.3922,2.969
B,00c,349.2336,276.2028,2.967
C,00d,131.2346,105.0534,2.264
C,00d,311.2342,254.5408,2.266
C,00d,131.2342,105.0537,2.264
C,00d,311.2338,254.5404,2.264
C,00d,131.2343,105.0537,2.262
C,00d,311.2347,254.5409,2.263
C,00e,127.1315,97.5153,2.002
C,00e,307.1312,262.0746,2.003
C,00e,127.1306,97.5158,2.002
C,00e,307.1313,262.0752,2.004
C,00e,127.1305,97.5157,2.003
C,00e,307.1312,262.0753,2.004
C,00f,122.3801,110.0145,1.922
C,00f,302.3807,249.5754,1.923
C,00f,122.3749,110.0139,1.923
C,00f,302.3751,249.5815,1.925
C,00f,122.3755,110.0124,1.922
C,00f,302.3752,249.5817,1.925
C,17,111.3551,100.4512,3.160
C,17,291.3559,259.1434,3.160
C,17,111.3557,100.4527,3.160
C,17,291.3604,259.1431,3.161
C,17,111.3602,100.4526,3.159
C,17,291.3553,259.1439,3.158
C,37,95.4132,117.3259,2.420
C,37,275.4139,242.2659,2.423
C,37,95.4147,117.3259,2.421
C,37,275.4138,242.2651,2.425
C,37,95.4141,117.3248,2.421
C,37,275.4142,242.2649,2.423
C,16,83.0601,108.5337,1.901
C,16,263.0601,251.0542,1.905
C,16,83.0611,108.5411,1.903
C,16,263.0549,251.0551,1.904
C,16,83.0557,108.5344,1.902
C,16,263.0549,251.0529,1.904
C,12,74.3635,81.0101,1.684
C,12,254.3633,278.5841,1.684
C,12,74.3637,81.0055,1.685
C,12,254.3631,278.5842,1.684
C,12,74.3636,81.0101,1.684
C,12,254.3632,278.5841,1.685
C,33,324.2408,82.2140,3.017
C,33,144.2406,277.3803,3.016
C,33,324.2407,82.2142,3.017
C,33,144.2406,277.3800,3.016
C,33,324.2406,82.2137,3.017
C,33,144.2404,277.3808,3.016
C,30,262.5531,115.0844,2.382
C,30,82.5529,244.5057,2.384
C,30,262.5531,115.0843,2.383
C,30,82.5533,244.5102,2.385
C,30,262.5535,115.0847,2.381
C,30,82.5531,244.5059,2.384
C,34,219.4248,87.0826,3.839
C,34,39.4249,272.5123,3.839
C,34,219.4249,87.0825,3.839
C,34,39.4244,272.5125,3.839
C,34,219.4243,87.0824,3.838
C,34,39.4242,272.5127,3.839
C,39,138.3606,107.5843,2.092
C,39,318.3555,252.0054,2.092
C,39,138.3601,107.5843,2.093
C,39,318.3557,252.0056,2.092
C,39,138.3601,107.5844,2.092
C,39,318.3557,252.0101,2.092
C,03a,265.0822,86.2828,2.215
C,03a,85.0827,273.3119,2.216
C,03a,265.0831,86.2827,2.214
C,03a,85.0828,273.3122,2.215
C,03a,265.0827,86.2822,2.215
C,03a,85.0829,273.3117,2.216